cell_id;z_alvo;altitude;n_est_cel;delta_representatividade_m
114_620;16.735;17.000;1;-0.265
121_639;16.603;6.000;1;10.603
126_522;800.595;792.000;1;8.595
129_505;880.570;895.000;1;-14.430
130_485;794.707;798.000;1;-3.293
131_466;769.313;776.000;1;-6.687
131_467;781.387;790.000;1;-8.613
132_574;879.704;895.000;1;-15.296
133_562;827.479;818.000;1;9.479
136_522;869.546;899.000;1;-29.454
138_546;833.985;826.000;2;7.985
141_572;844.365;845.000;1;-0.635
142_550;819.060;811.000;1;8.060
143_419;793.716;811.000;1;-17.284
143_454;780.406;772.000;1;8.406
145_140;759.833;807.000;1;-47.167
145_400;778.515;764.000;1;14.515
146_427;831.626;815.000;1;16.626
150_507;921.953;944.000;1;-22.047
150_604;53.884;47.000;1;6.884
152_478;800.550;810.000;1;-9.450
152_517;921.534;908.000;1;13.534
152_598;123.197;71.000;1;52.197
154_368;993.907;1009.000;1;-15.093
154_467;786.456;799.000;1;-12.544
157_219;863.097;943.000;1;-79.903
157_269;949.735;966.000;1;-16.265
159_492;870.580;872.000;1;-1.420
163_388;1194.282;1213.000;1;-18.718
163_483;722.712;723.000;1;-0.288
166_641;2.584;6.000;1;-3.416
167_478;805.700;793.000;1;12.700
170_623;4.903;6.000;1;-1.097
177_615;40.261;30.000;1;10.261
182_266;805.633;840.000;1;-34.367
183_504;761.147;803.000;1;-41.853
189_621;45.468;25.000;1;20.468
190_353;1267.283;1303.000;1;-35.717
192_396;1020.411;1027.000;1;-6.589
193_477;834.424;836.000;1;-1.576
195_560;564.337;588.000;1;-23.663
196_187;589.517;573.000;1;16.517
197_399;989.401;1000.000;1;-10.599
199_154;640.192;634.500;2;5.692
1_418;788.951;803.000;1;-14.049
200_153;628.617;647.000;1;-18.383
201_404;906.856;939.000;2;-32.144
201_405;925.216;944.667;3;-19.450
202_252;581.868;597.000;1;-15.132
203_204;502.878;515.000;1;-12.122
205_394;944.997;940.000;1;4.997
206_304;1025.957;1071.500;2;-45.543
206_616;9.128;5.000;1;4.128
210_219;343.065;418.000;1;-74.935
210_421;1094.363;1139.000;1;-44.637
211_431;1030.092;1039.000;1;-8.908
212_395;861.677;808.000;1;53.677
213_311;977.444;1025.000;1;-47.556
213_433;1024.562;1047.000;1;-22.438
213_575;73.700;72.000;1;1.700
214_369;875.573;890.000;1;-14.427
214_460;1069.840;1094.000;1;-24.160
214_488;618.941;591.000;1;27.941
215_265;852.679;878.000;1;-25.321
218_626;16.229;7.000;2;9.229
219_541;269.125;280.000;1;-10.875
224_389;759.885;749.000;2;10.885
225_390;819.031;828.000;1;-8.969
225_421;1042.114;1076.000;1;-33.886
228_520;557.775;565.000;1;-7.225
230_413;1023.355;1041.000;1;-17.645
231_181;357.856;369.000;1;-11.144
231_241;653.148;687.000;1;-33.852
232_179;302.780;297.000;1;5.780
232_241;653.003;681.000;2;-27.997
233_625;83.483;35.000;1;48.483
237_126;216.792;201.000;1;15.792
239_200;327.450;370.000;1;-42.550
239_272;593.445;595.000;1;-1.555
239_456;963.719;955.000;1;8.719
240_348;734.689;767.000;1;-32.311
240_380;767.755;729.000;1;38.755
241_130;182.679;172.000;1;10.679
242_428;863.041;872.000;1;-8.959
242_485;554.169;516.000;1;38.169
244_290;599.810;623.000;1;-23.190
246_391;1114.943;1176.000;1;-61.057
247_404;1011.139;1018.000;1;-6.861
249_458;1050.870;1054.000;1;-3.130
250_634;7.224;31.000;1;-23.776
251_453;1011.223;995.000;1;16.223
251_531;344.201;361.000;1;-16.799
251_607;137.063;81.000;1;56.063
253_443;976.163;978.000;1;-1.837
255_419;871.524;869.000;1;2.524
258_544;676.099;670.160;1;5.939
260_341;495.143;452.000;1;43.143
261_228;520.627;571.000;1;-50.373
264_382;944.396;963.500;2;-19.104
265_382;932.125;965.000;1;-32.875
267_163;495.868;490.000;1;5.868
267_490;850.607;886.000;1;-35.393
268_528;532.107;560.000;1;-27.893
268_537;471.863;477.000;2;-5.137
268_557;783.193;846.000;1;-62.807
269_328;550.049;603.000;1;-52.951
271_551;728.406;739.000;1;-10.594
274_541;466.801;460.000;1;6.801
275_544;392.345;398.000;1;-5.655
276_405;763.888;794.000;1;-30.112
276_651;3.380;5.000;1;-1.620
279_562;767.783;762.000;1;5.783
279_573;582.210;581.000;1;1.210
280_350;721.500;751.000;1;-29.500
284_551;637.645;645.000;1;-7.355
288_649;6.407;10.000;1;-3.593
289_488;904.096;935.000;1;-30.904
290_400;747.305;740.000;1;7.305
290_638;10.590;4.000;1;6.590
291_371;754.973;795.000;1;-40.027
295_275;800.039;777.000;1;23.039
295_429;850.526;932.000;1;-81.474
298_597;864.171;881.000;1;-16.829
300_595;928.411;967.000;1;-38.589
300_626;11.173;11.000;1;0.173
301_505;905.577;935.000;1;-29.423
301_561;654.581;806.000;1;-151.419
301_567;641.326;640.000;1;1.326
304_649;5.492;5.000;1;0.492
305_505;937.944;900.000;1;37.944
308_472;906.488;910.000;1;-3.512
310_469;933.418;952.000;1;-18.582
311_470;899.211;937.000;1;-37.789
312_540;882.736;865.000;1;17.736
317_523;874.156;854.000;1;20.156
318_129;488.175;489.000;1;-0.825
320_386;932.469;949.000;1;-16.531
324_422;951.612;974.000;1;-22.388
324_516;1638.471;1725.000;1;-86.529
324_609;557.198;580.000;1;-22.802
324_61;250.804;272.000;1;-21.196
325_175;596.461;614.000;1;-17.539
328_513;1329.588;1315.000;1;14.588
333_488;1233.723;1257.000;1;-23.277
338_508;1161.767;1189.000;1;-27.233
340_537;1565.837;1592.000;1;-26.163
346_536;1329.638;1321.000;1;8.638
347_499;1047.254;1037.000;1;10.254
347_553;1718.846;1790.000;1;-71.154
350_592;377.864;390.000;1;-12.136
354_502;1240.315;1277.000;1;-36.685
355_495;1165.413;1173.000;1;-7.587
355_622;8.755;6.000;1;2.755
357_353;806.088;833.000;1;-26.912
358_266;663.522;680.000;1;-16.478
358_495;1123.948;1130.000;1;-6.052
360_516;1455.208;1466.000;1;-10.792
361_633;5.410;8.000;1;-2.590
363_508;1391.180;1401.333;3;-10.153
365_366;837.037;848.000;1;-10.963
369_455;1000.892;1012.000;1;-11.108
370_537;1232.122;1220.000;1;12.122
370_595;25.183;36.000;1;-10.817
371_496;1233.855;1250.000;1;-16.145
372_507;1345.674;1353.000;1;-7.326
372_520;1232.541;1250.000;1;-17.459
374_571;136.629;410.000;1;-273.371
379_514;1188.108;1244.000;1;-55.892
381_598;8.341;4.000;1;4.341
384_15;232.702;245.000;1;-12.298
385_425;934.797;951.000;1;-16.203
389_415;962.417;969.000;1;-6.583
392_568;46.799;38.000;3;8.799
400_544;155.109;164.000;1;-8.891
401_617;17.301;34.000;1;-16.699
402_142;418.229;426.000;1;-7.771
402_463;1042.701;1068.000;1;-25.299
406_598;35.007;40.000;1;-4.993
410_318;486.317;485.000;1;1.317
411_546;44.663;47.000;1;-2.337
414_559;25.211;24.000;1;1.211
415_496;1213.598;1228.000;1;-14.402
415_573;17.280;11.000;1;6.280
422_508;637.182;658.000;1;-20.818
424_536;48.461;47.000;1;1.461
428_253;644.718;660.000;1;-15.282
436_550;2.647;2.000;1;0.647
440_561;2.747;7.000;1;-4.253
441_524;36.748;40.000;1;-3.252
448_486;995.185;1017.000;1;-21.815
450_531;11.321;12.000;1;-0.679
457_388;834.593;830.000;1;4.593
461_351;539.622;623.000;1;-83.378
470_25;371.072;390.000;1;-18.928
482_526;7.922;8.000;1;-0.078
483_420;824.567;830.000;1;-5.433
50_581;920.833;922.000;1;-1.167
523_142;75.293;103.000;1;-27.707
540_270;96.136;106.000;1;-9.864
58_624;37.406;50.000;1;-12.594
59_513;842.605;838.000;1;4.605
62_394;1137.378;1208.000;1;-70.622
71_54;228.862;235.000;1;-6.138
78_193;514.975;528.000;1;-13.025
82_128;382.099;399.000;1;-16.901
92_467;782.624;780.000;1;2.624
